{
  "project_info": {
    "project_number": "706694777893",
    "project_id": "e-commerce-application-29d81",
    "storage_bucket": "e-commerce-application-29d81.appspot.com"
  },
  "client": [
    {
      "client_info": {
        "mobilesdk_app_id": "1:706694777893:android:790b5c281b3087313843cc",
        "android_client_info": {
          "package_name": "com.example.e_commerce_application"
        }
      },
      "oauth_client": [
        {
          "client_id": "706694777893-jmgpmc7ukfg828pagjd12cf2n25mcksv.apps.googleusercontent.com",
          "client_type": 3
        }
      ],
      "api_key": [
        {
          "current_key": "AIzaSyCwUwyHv0AI3-39woLSUieH2tXfYGT0NH4"
        }
      ],
      "services": {
        "appinvite_service": {
          "other_platform_oauth_client": [
            {
              "client_id": "706694777893-jmgpmc7ukfg828pagjd12cf2n25mcksv.apps.googleusercontent.com",
              "client_type": 3
            }
          ]
        }
      }
    }
  ],
  "configuration_version": "1"
}